{
    "data": [
        {
            "id": "bitcoin",
            "rank": "1",
            "symbol": "BTC",
            "name": "Bitcoin",
            "supply": "19684543.0000000000000000",
            "maxSupply": "21000000.0000000000000000",
            "marketCapUsd": "1252643913107.4930037565668350",
            "volumeUsd24Hr": "12752658080.8846770800169279",
            "priceUsd": "63635.9154036490968450",
            "changePercent24Hr": "0.8252104200254686",
            "vwap24Hr": "62942.6838639381578192",
            "explorer": "https://blockchain.info/"
        },
        {
            "id": "ethereum",
            "rank": "2",
            "symbol": "ETH",
            "name": "Ethereum",
            "supply": "120070407.6967193000000000",
            "maxSupply": null,
            "marketCapUsd": "372166657227.1525389778100115",
            "volumeUsd24Hr": "7282351820.8394649326483940",
            "priceUsd": "3099.5701969064047654",
            "changePercent24Hr": "0.5893357419322280",
            "vwap24Hr": "3071.1186616645960497",
            "explorer": "https://etherscan.io/"
        },
        {
            "id": "tether",
            "rank": "3",
            "symbol": "USDT",
            "name": "Tether",
            "supply": "108100162510.7544700000000000",
            "maxSupply": null,
            "marketCapUsd": "108190209056.2128201060147126",
            "volumeUsd24Hr": "26134031392.6698489529841577",
            "priceUsd": "1.0008329917676987",
            "changePercent24Hr": "0.0019482788438358",
            "vwap24Hr": "1.0011251064293051",
            "explorer": "https://www.omniexplorer.info/asset/31"
        },
        {
            "id": "binance-coin",
            "rank": "4",
            "symbol": "BNB",
            "name": "BNB",
            "supply": "166801148.0000000000000000",
            "maxSupply": "166801148.0000000000000000",
            "marketCapUsd": "90575479344.4685834912227376",
            "volumeUsd24Hr": "488805284.9390395486865006",
            "priceUsd": "543.0147240021908212",
            "changePercent24Hr": "-1.6971566309556589",
            "vwap24Hr": "539.7447829542720753",
            "explorer": "https://etherscan.io/token/0xB8c77482e45F1F44dE1745F52C74426C631bDD52"
        },
        {
            "id": "solana",
            "rank": "5",
            "symbol": "SOL",
            "name": "Solana",
            "supply": "446724376.1159909000000000",
            "maxSupply": null,
            "marketCapUsd": "61250532951.3732908371690014",
            "volumeUsd24Hr": "1832473115.2555276628935877",
            "priceUsd": "137.1103441542884121",
            "changePercent24Hr": "0.8169976924745668",
            "vwap24Hr": "134.3577523592893249",
            "explorer": "https://explorer.solana.com/"
        },
        {
            "id": "usd-coin",
            "rank": "6",
            "symbol": "USDC",
            "name": "USDC",
            "supply": "32536578575.1781040000000000",
            "maxSupply": null,
            "marketCapUsd": "32567613986.3788350476491660",
            "volumeUsd24Hr": "2107428841.9475702147719006",
            "priceUsd": "1.0009538621625203",
            "changePercent24Hr": "0.0971676161326956",
            "vwap24Hr": "0.9999246823062216",
            "explorer": "https://etherscan.io/token/0xa0b86991c6218b36c1d19d4a2e9eb0ce3606eb48"
        },
        {
            "id": "xrp",
            "rank": "7",
            "symbol": "XRP",
            "name": "XRP",
            "supply": "45404028640.0000000000000000",
            "maxSupply": "100000000000.0000000000000000",
            "marketCapUsd": "22618994088.1224653455137440",
            "volumeUsd24Hr": "755460762.3715830603133017",
            "priceUsd": "0.4981715227841171",
            "changePercent24Hr": "1.2687246642242643",
            "vwap24Hr": "0.4919724147304351",
            "explorer": "https://xrpcharts.ripple.com/#/graph/"
        },
        {
            "id": "dogecoin",
            "rank": "8",
            "symbol": "DOGE",
            "name": "Dogecoin",
            "supply": "143913006383.7052300000000000",
            "maxSupply": null,
            "marketCapUsd": "22514522404.9220764990533463",
            "volumeUsd24Hr": "1016756050.6326583559306522",
            "priceUsd": "0.1564453621717357",
            "changePercent24Hr": "-0.4515310815622207",
            "vwap24Hr": "0.1554190460605482",
            "explorer": "http://dogechain.info/chain/Dogecoin"
        },
        {
            "id": "cardano",
            "rank": "9",
            "symbol": "ADA",
            "name": "Cardano",
            "supply": "35614584180.8010000000000000",
            "maxSupply": "45000000000.0000000000000000",
            "marketCapUsd": "16420901189.0027968918353235",
            "volumeUsd24Hr": "214557837.9720860504516647",
            "priceUsd": "0.4610723827531005",
            "changePercent24Hr": "2.0835801344607056",
            "vwap24Hr": "0.4582417330848959",
            "explorer": "https://cardanoexplorer.com/"
        },
        {
            "id": "shiba-inu",
            "rank": "10",
            "symbol": "SHIB",
            "name": "Shiba Inu",
            "supply": "589289410812691.0000000000000000",
            "maxSupply": null,
            "marketCapUsd": "13437255718.4841433151408952",
            "volumeUsd24Hr": "386964114.7667465323190358",
            "priceUsd": "0.0000228024727272",
            "changePercent24Hr": "5.7940750193892598",
            "vwap24Hr": "0.0000220151157885",
            "explorer": "https://etherscan.io/token/0x95ad61b0a150d79219dcf64e1e6cc01f0b64c4ce"
        },
        {
            "id": "avalanche",
            "rank": "11",
            "symbol": "AVAX",
            "name": "Avalanche",
            "supply": "377919697.2019946000000000",
            "maxSupply": "715748719.0000000000000000",
            "marketCapUsd": "13195627668.2643870949940182",
            "volumeUsd24Hr": "255503877.6263121533877639",
            "priceUsd": "34.9164856078180163",
            "changePercent24Hr": "0.3163970819286537",
            "vwap24Hr": "34.6031363429641867",
            "explorer": "https://avascan.info/"
        },
        {
            "id": "wrapped-bitcoin",
            "rank": "12",
            "symbol": "WBTC",
            "name": "Wrapped Bitcoin",
            "supply": "155268.0306274400000000",
            "maxSupply": null,
            "marketCapUsd": "9875173668.3738273245317750",
            "volumeUsd24Hr": "107032673.1538618838888255",
            "priceUsd": "63600.8174282119148248",
            "changePercent24Hr": "0.8446019991930768",
            "vwap24Hr": "63022.1998675908628177",
            "explorer": "https://etherscan.io/token/0x2260fac5e5542a773aa44fbcfedf7c193bc2c599"
        },
        {
            "id": "tron",
            "rank": "13",
            "symbol": "TRX",
            "name": "TRON",
            "supply": "87626531882.4293200000000000",
            "maxSupply": null,
            "marketCapUsd": "9773266020.8355017722215715",
            "volumeUsd24Hr": "192562369.9196833931441676",
            "priceUsd": "0.1115331830540610",
            "changePercent24Hr": "0.5028925877093545",
            "vwap24Hr": "0.1108081257112766",
            "explorer": "https://tronscan.org/#/"
        },
        {
            "id": "bitcoin-cash",
            "rank": "14",
            "symbol": "BCH",
            "name": "Bitcoin Cash",
            "supply": "19692284.3750000000000000",
            "maxSupply": "21000000.0000000000000000",
            "marketCapUsd": "9665666917.3778593312690278",
            "volumeUsd24Hr": "395894709.9426805962343872",
            "priceUsd": "490.8352293372697819",
            "changePercent24Hr": "-2.0907322171553493",
            "vwap24Hr": "487.2241754933556874",
            "explorer": "https://blockchair.com/bitcoin-cash/blocks"
        },
        {
            "id": "polkadot",
            "rank": "15",
            "symbol": "DOT",
            "name": "Polkadot",
            "supply": "1353797472.0569700000000000",
            "maxSupply": null,
            "marketCapUsd": "9098881895.3007386667124281",
            "volumeUsd24Hr": "129346916.9509294893427957",
            "priceUsd": "6.7210067112001838",
            "changePercent24Hr": "1.3955697702610238",
            "vwap24Hr": "6.6292969467766847",
            "explorer": "https://polkascan.io/polkadot"
        },
        {
            "id": "chainlink",
            "rank": "16",
            "symbol": "LINK",
            "name": "Chainlink",
            "supply": "587099970.4527867000000000",
            "maxSupply": "1000000000.0000000000000000",
            "marketCapUsd": "7946393703.2980107401556560",
            "volumeUsd24Hr": "244509135.4302568848199265",
            "priceUsd": "13.5349925110191134",
            "changePercent24Hr": "0.6985269605010131",
            "vwap24Hr": "13.3621738574713088",
            "explorer": "https://etherscan.io/token/0x514910771af9ca656af840dff83e8264ecf986ca"
        },
        {
            "id": "polygon",
            "rank": "17",
            "symbol": "MATIC",
            "name": "Polygon",
            "supply": "9894742046.6308290000000000",
            "maxSupply": "10000000000.0000000000000000",
            "marketCapUsd": "6965688550.5446672206939309",
            "volumeUsd24Hr": "153872718.0355533123642269",
            "priceUsd": "0.7039787917378293",
            "changePercent24Hr": "0.3792877603880881",
            "vwap24Hr": "0.7027790252941145",
            "explorer": "https://etherscan.io/token/0x7D1AfA7B718fb893dB30A3aBc0Cfc608AaCfeBB0"
        },
        {
            "id": "litecoin",
            "rank": "18",
            "symbol": "LTC",
            "name": "Litecoin",
            "supply": "74429224.8575049300000000",
            "maxSupply": "84000000.0000000000000000",
            "marketCapUsd": "5940951483.5864620127600774",
            "volumeUsd24Hr": "277459663.6580503526642862",
            "priceUsd": "79.8201445058770811",
            "changePercent24Hr": "3.1858592268091779",
            "vwap24Hr": "78.2763436536386297",
            "explorer": "http://explorer.litecoin.net/chain/Litecoin"
        },
        {
            "id": "near-protocol",
            "rank": "19",
            "symbol": "NEAR",
            "name": "NEAR Protocol",
            "supply": "1066616158.0000000000000000",
            "maxSupply": null,
            "marketCapUsd": "5800484491.2305485295860348",
            "volumeUsd24Hr": "195294008.8450780188541609",
            "priceUsd": "5.4382117200502306",
            "changePercent24Hr": "6.1811726821670826",
            "vwap24Hr": "5.1713860754511788",
            "explorer": "https://explorer.nearprotocol.com/"
        },
        {
            "id": "internet-computer",
            "rank": "20",
            "symbol": "ICP",
            "name": "Internet Computer",
            "supply": "462718208.9375356400000000",
            "maxSupply": null,
            "marketCapUsd": "5723832671.7537529677096191",
            "volumeUsd24Hr": "81172322.5943252242521273",
            "priceUsd": "12.3700182123726154",
            "changePercent24Hr": "1.5039424714826538",
            "vwap24Hr": "12.1828535805390310",
            "explorer": "https://www.dfinityexplorer.org/#/"
        },
        {
            "id": "unus-sed-leo",
            "rank": "21",
            "symbol": "LEO",
            "name": "UNUS SED LEO",
            "supply": "926613861.9000000000000000",
            "maxSupply": null,
            "marketCapUsd": "5463337291.3467745237189717",
            "volumeUsd24Hr": "304199.8426068327513818",
            "priceUsd": "5.8960237009020451",
            "changePercent24Hr": "-0.2236278662003092",
            "vwap24Hr": "5.8847416952999410",
            "explorer": "https://eospark.com/account/bitfinexleo1"
        },
        {
            "id": "multi-collateral-dai",
            "rank": "22",
            "symbol": "DAI",
            "name": "Multi Collateral DAI",
            "supply": "5347888595.7464075000000000",
            "maxSupply": null,
            "marketCapUsd": "5347833015.1367472233778641",
            "volumeUsd24Hr": "458230504.8183457402582202",
            "priceUsd": "0.9999896069993484",
            "changePercent24Hr": "-0.0286931235407096",
            "vwap24Hr": "1.0011715153882916",
            "explorer": "https://etherscan.io/token/0x89d24a6b4ccb1b6faa2625fe562bdd9a23260359"
        },
        {
            "id": "uniswap",
            "rank": "23",
            "symbol": "UNI",
            "name": "Uniswap",
            "supply": "598736139.7100000000000000",
            "maxSupply": "1000000000.0000000000000000",
            "marketCapUsd": "4336222964.4654617605092327",
            "volumeUsd24Hr": "94683781.2611146637911077",
            "priceUsd": "7.2422936864404526",
            "changePercent24Hr": "0.3258103740986825",
            "vwap24Hr": "7.1425701879460178",
            "explorer": "https://etherscan.io/token/0x1f9840a85d5af5bf1d1762f925bdaddc4201f984"
        },
        {
            "id": "ethereum-classic",
            "rank": "24",
            "symbol": "ETC",
            "name": "Ethereum Classic",
            "supply": "146584335.8676104000000000",
            "maxSupply": "210700000.0000000000000000",
            "marketCapUsd": "3843512285.7968075977653501",
            "volumeUsd24Hr": "129127014.6223835972913355",
            "priceUsd": "26.2204843583568645",
            "changePercent24Hr": "0.6376483648698348",
            "vwap24Hr": "26.1308601037654730",
            "explorer": "http://gastracker.io/"
        },
        {
            "id": "stacks",
            "rank": "25",
            "symbol": "STX",
            "name": "Stacks",
            "supply": "1453019929.5982630000000000",
            "maxSupply": "1818000000.0000000000000000",
            "marketCapUsd": "3535339507.2999119561719192",
            "volumeUsd24Hr": "36188915.2253598778452778",
            "priceUsd": "2.4330977402886534",
            "changePercent24Hr": "-2.1851485854429871",
            "vwap24Hr": "2.4514005840077269",
            "explorer": "https://explorer.xinfin.network/"
        },
        {
            "id": "okb",
            "rank": "26",
            "symbol": "OKB",
            "name": "OKB",
            "supply": "60000000.0000000000000000",
            "maxSupply": null,
            "marketCapUsd": "3439380632.2083286920000000",
            "volumeUsd24Hr": "1661635.5278156478979665",
            "priceUsd": "57.3230105368054782",
            "changePercent24Hr": "-2.4279560177982090",
            "vwap24Hr": "59.1691649486807053",
            "explorer": "https://etherscan.io/token/0x75231f58b43240c9718dd58b4967c5114342a86c"
        },
        {
            "id": "filecoin",
            "rank": "27",
            "symbol": "FIL",
            "name": "Filecoin",
            "supply": "539095790.0000000000000000",
            "maxSupply": null,
            "marketCapUsd": "3287212048.1404350794205110",
            "volumeUsd24Hr": "191519648.7662051973173149",
            "priceUsd": "6.0976399911051709",
            "changePercent24Hr": "4.5614014858538859",
            "vwap24Hr": "5.9368181865922492",
            "explorer": "https://protocol.ai"
        },
        {
            "id": "crypto-com-coin",
            "rank": "28",
            "symbol": "CRO",
            "name": "Crypto.com Coin",
            "supply": "25263013692.0000000000000000",
            "maxSupply": "30263013692.0000000000000000",
            "marketCapUsd": "3211825264.8406150804466364",
            "volumeUsd24Hr": "9434532.8244573248587851",
            "priceUsd": "0.1271354757590817",
            "changePercent24Hr": "1.7002517716120277",
            "vwap24Hr": "0.1258657184925332",
            "explorer": "https://etherscan.io/token/0xa0b73e1ff0b80914ab6fe0444e65848c4c34450b"
        },
        {
            "id": "stellar",
            "rank": "29",
            "symbol": "XLM",
            "name": "Stellar",
            "supply": "28877675015.0459860000000000",
            "maxSupply": "50001806812.0000000000000000",
            "marketCapUsd": "3150435398.8164908752285771",
            "volumeUsd24Hr": "48940886.1217871036674484",
            "priceUsd": "0.1090958810629677",
            "changePercent24Hr": "2.9304329394081150",
            "vwap24Hr": "0.1073033133020014",
            "explorer": "https://dashboard.stellar.org/"
        },
        {
            "id": "render-token",
            "rank": "30",
            "symbol": "RNDR",
            "name": "Render Token",
            "supply": "369614008.1087959400000000",
            "maxSupply": "536870912.0000000000000000",
            "marketCapUsd": "3118698605.8760313105852988",
            "volumeUsd24Hr": "24403112.2581761963541114",
            "priceUsd": "8.4377175579288161",
            "changePercent24Hr": "4.4125524157271786",
            "vwap24Hr": "8.2442374273155083",
            "explorer": "https://etherscan.io/token/0x6de037ef9ad2725eb40118bb1702ebb27e4aeb24"
        },
        {
            "id": "maker",
            "rank": "31",
            "symbol": "MKR",
            "name": "Maker",
            "supply": "924709.7157545100000000",
            "maxSupply": "1005577.0000000000000000",
            "marketCapUsd": "2952814900.8921659366675329",
            "volumeUsd24Hr": "73903725.2873068537768018",
            "priceUsd": "3193.2344286907796009",
            "changePercent24Hr": "4.9977403351192178",
            "vwap24Hr": "3093.0034469305021226",
            "explorer": "https://etherscan.io/token/Maker"
        },
        {
            "id": "vechain",
            "rank": "32",
            "symbol": "VET",
            "name": "VeChain",
            "supply": "72714516834.0000000000000000",
            "maxSupply": "86712634466.0000000000000000",
            "marketCapUsd": "2931866298.7543704222574068",
            "volumeUsd24Hr": "52654699.7041481391702577",
            "priceUsd": "0.0403202335160602",
            "changePercent24Hr": "-1.0393313704575946",
            "vwap24Hr": "0.0397809246134769",
            "explorer": "https://explore.veforge.com/"
        },
        {
            "id": "the-graph",
            "rank": "33",
            "symbol": "GRT",
            "name": "The Graph",
            "supply": "9457212036.1163300000000000",
            "maxSupply": null,
            "marketCapUsd": "2438952046.0728540659307614",
            "volumeUsd24Hr": "46004463.1294274724856743",
            "priceUsd": "0.2578933449687596",
            "changePercent24Hr": "2.5306686332475144",
            "vwap24Hr": "0.2521874640753630",
            "explorer": "https://etherscan.io/token/0xc944e90c64b2c07662a292be6244bdf05cda44a7"
        },
        {
            "id": "monero",
            "rank": "34",
            "symbol": "XMR",
            "name": "Monero",
            "supply": "18424477.1200353200000000",
            "maxSupply": null,
            "marketCapUsd": "2241165985.1418974611109463",
            "volumeUsd24Hr": "33541901.3887814496703952",
            "priceUsd": "121.6406832357151372",
            "changePercent24Hr": "0.2044378540574510",
            "vwap24Hr": "120.3554410307276876",
            "explorer": "http://moneroblocks.info/"
        },
        {
            "id": "theta",
            "rank": "35",
            "symbol": "THETA",
            "name": "THETA",
            "supply": "1000000000.0000000000000000",
            "maxSupply": "1000000000.0000000000000000",
            "marketCapUsd": "2071917966.9770416000000000",
            "volumeUsd24Hr": "27196067.2989840125473731",
            "priceUsd": "2.0719179669770416",
            "changePercent24Hr": "2.6001524286312567",
            "vwap24Hr": "2.0060296370202925",
            "explorer": "https://explorer.thetatoken.org/"
        },
        {
            "id": "cosmos",
            "rank": "36",
            "symbol": "ATOM",
            "name": "Cosmos",
            "supply": "248453201.0000000000000000",
            "maxSupply": null,
            "marketCapUsd": "2030749082.5990673614264693",
            "volumeUsd24Hr": "201297514.7081999801326929",
            "priceUsd": "8.1735677963717093",
            "changePercent24Hr": "1.5270720421556317",
            "vwap24Hr": "8.0463166494020576",
            "explorer": "https://www.mintscan.io/"
        },
        {
            "id": "fantom",
            "rank": "37",
            "symbol": "FTM",
            "name": "Fantom",
            "supply": "2803634835.5265927000000000",
            "maxSupply": "3175000000.0000000000000000",
            "marketCapUsd": "1949024787.0662550550349164",
            "volumeUsd24Hr": "138754151.1954590733674892",
            "priceUsd": "0.6951778321373937",
            "changePercent24Hr": "9.3283747864415760",
            "vwap24Hr": "0.6606070557918935",
            "explorer": "https://etherscan.io/token/0x4e15361fd6b4bb609fa63c81a2be19d873717870"
        },
        {
            "id": "injective-protocol",
            "rank": "38",
            "symbol": "INJ",
            "name": "Injective",
            "supply": "73005554.3300000000000000",
            "maxSupply": "100000000.0000000000000000",
            "marketCapUsd": "1822874074.2361837610230792",
            "volumeUsd24Hr": "62694382.2651466142822553",
            "priceUsd": "24.9689779218225102",
            "changePercent24Hr": "6.5209172138192318",
            "vwap24Hr": "24.3901090912374706",
            "explorer": "https://etherscan.io/token/0xe28b3b32b6c345a34ff64674606124dd5aceca30"
        },
        {
            "id": "lido-dao",
            "rank": "39",
            "symbol": "LDO",
            "name": "Lido DAO",
            "supply": "891732008.4796338000000000",
            "maxSupply": "1000000000.0000000000000000",
            "marketCapUsd": "1799076031.7769711583377367",
            "volumeUsd24Hr": "1587582.2812597883190746",
            "priceUsd": "2.0175075187043262",
            "changePercent24Hr": "-0.6275176261452484",
            "vwap24Hr": "1.9993510627238323",
            "explorer": "https://etherscan.io/token/0x5a98fcbea516cf06857215779fd812ca3bef1b32"
        },
        {
            "id": "fetch",
            "rank": "40",
            "symbol": "FET",
            "name": "Fetch.ai",
            "supply": "848485179.9547031000000000",
            "maxSupply": null,
            "marketCapUsd": "1757450606.6175870708104539",
            "volumeUsd24Hr": "152696518.8938451177842687",
            "priceUsd": "2.0712802629168015",
            "changePercent24Hr": "1.5829579659384040",
            "vwap24Hr": "2.0400259995678666",
            "explorer": "https://etherscan.io/token/0x1d287cc25dad7ccaf76a26bc660c5f7c8e2a05bd"
        },
        {
            "id": "thorchain",
            "rank": "41",
            "symbol": "RUNE",
            "name": "THORChain",
            "supply": "334094831.0000000000000000",
            "maxSupply": null,
            "marketCapUsd": "1715216313.7467337472126508",
            "volumeUsd24Hr": "141333472.0325401334591815",
            "priceUsd": "5.1339205357138068",
            "changePercent24Hr": "1.5661670257887934",
            "vwap24Hr": "5.1037489453937050",
            "explorer": "https://explorer.binance.org/asset/RUNE-B1A"
        },
        {
            "id": "arweave",
            "rank": "42",
            "symbol": "AR",
            "name": "Arweave",
            "supply": "65454185.0000000000000000",
            "maxSupply": "66000000.0000000000000000",
            "marketCapUsd": "1646763936.2387746153486295",
            "volumeUsd24Hr": "41108251.1643041079598598",
            "priceUsd": "25.1590320197062207",
            "changePercent24Hr": "-2.8283712805281969",
            "vwap24Hr": "25.1408812001022861",
            "explorer": "https://viewblock.io/arweave"
        },
        {
            "id": "pendle",
            "rank": "43",
            "symbol": "PENDLE",
            "name": "Pendle",
            "supply": "239185588.2446348700000000",
            "maxSupply": "258446029.0000000000000000",
            "marketCapUsd": "1476241666.4752801136444935",
            "volumeUsd24Hr": "10934034.4250533656617826",
            "priceUsd": "6.1719507321043346",
            "changePercent24Hr": "-4.7449726861748186",
            "vwap24Hr": "6.2976944208260073",
            "explorer": "https://etherscan.io/token/0x808507121b80c02388fad14726482e061b8da827"
        },
        {
            "id": "algorand",
            "rank": "44",
            "symbol": "ALGO",
            "name": "Algorand",
            "supply": "8130183060.8773960000000000",
            "maxSupply": "10000000000.0000000000000000",
            "marketCapUsd": "1428862256.1713675357451236",
            "volumeUsd24Hr": "52213706.4277318607157929",
            "priceUsd": "0.1757478577631396",
            "changePercent24Hr": "4.0023906406872345",
            "vwap24Hr": "0.1720499998297024",
            "explorer": "https://algoexplorer.io/"
        },
        {
            "id": "neo",
            "rank": "45",
            "symbol": "NEO",
            "name": "Neo",
            "supply": "70538831.0000000000000000",
            "maxSupply": "100000000.0000000000000000",
            "marketCapUsd": "1391862864.3146278612998591",
            "volumeUsd24Hr": "89605379.1181257705214119",
            "priceUsd": "19.7318674633922961",
            "changePercent24Hr": "2.5949929974711950",
            "vwap24Hr": "19.4775338404068476",
            "explorer": "https://neotracker.io"
        },
        {
            "id": "bitcoin-sv",
            "rank": "46",
            "symbol": "BSV",
            "name": "Bitcoin SV",
            "supply": "19688834.3750000000000000",
            "maxSupply": null,
            "marketCapUsd": "1335571328.6586453884259659",
            "volumeUsd24Hr": "10003898.3372098920742941",
            "priceUsd": "67.8339460437787033",
            "changePercent24Hr": "4.5694380577123084",
            "vwap24Hr": "66.0539708084421825",
            "explorer": "https://bsvexplorer.io/"
        },
        {
            "id": "flow",
            "rank": "47",
            "symbol": "FLOW",
            "name": "Flow",
            "supply": "1500475342.0000000000000000",
            "maxSupply": null,
            "marketCapUsd": "1329771003.9054749938588832",
            "volumeUsd24Hr": "28402108.1906642318528021",
            "priceUsd": "0.8862331600418096",
            "changePercent24Hr": "2.3191363704549978",
            "vwap24Hr": "0.8705742503495831",
            "explorer": "https://flowscan.org/"
        },
        {
            "id": "gala",
            "rank": "48",
            "symbol": "GALA",
            "name": "Gala",
            "supply": "30671703535.2748100000000000",
            "maxSupply": null,
            "marketCapUsd": "1280824198.8141575017263939",
            "volumeUsd24Hr": "68677296.7334347457936988",
            "priceUsd": "0.0417591477219748",
            "changePercent24Hr": "4.3101619714825198",
            "vwap24Hr": "0.0409893741281136",
            "explorer": "https://ethplorer.io/es/address/0x15d4c048f83bd7e37d49ea4c83a07267ec4203da#chart=candlestick"
        },
        {
            "id": "aave",
            "rank": "49",
            "symbol": "AAVE",
            "name": "Aave",
            "supply": "14802446.2291572000000000",
            "maxSupply": "16000000.0000000000000000",
            "marketCapUsd": "1276583160.4107531399936248",
            "volumeUsd24Hr": "46632257.9056173267298911",
            "priceUsd": "86.2413644777304732",
            "changePercent24Hr": "3.4486489050055751",
            "vwap24Hr": "84.2838942797870243",
            "explorer": "https://etherscan.io/token/0x80fB784B7eD66730e8b1DBd9820aFD29931aab03"
        },
        {
            "id": "quant",
            "rank": "50",
            "symbol": "QNT",
            "name": "Quant",
            "supply": "12072738.0000000000000000",
            "maxSupply": "14881364.0000000000000000",
            "marketCapUsd": "1253303053.0484644552136772",
            "volumeUsd24Hr": "10950971.6379597836051196",
            "priceUsd": "103.8126606448731394",
            "changePercent24Hr": "0.8411261053437587",
            "vwap24Hr": "102.9576218722782031",
            "explorer": "https://etherscan.io/token/0x4a220e6096b25eadb88358cb44068a3248254675"
        },
        {
            "id": "hedera-hashgraph",
            "rank": "51",
            "symbol": "HBAR",
            "name": "Hedera Hashgraph",
            "supply": "14832756028.0000000000000000",
            "maxSupply": "50000000000.0000000000000000",
            "marketCapUsd": "1197701705.4731995512176996",
            "volumeUsd24Hr": "23650454.8806935848508651",
            "priceUsd": "0.0807470778331607",
            "changePercent24Hr": "3.0932729799718719",
            "vwap24Hr": "0.0791661516533311",
            "explorer": "https://hash-hash.info/"
        },
        {
            "id": "singularitynet",
            "rank": "52",
            "symbol": "AGIX",
            "name": "SingularityNET",
            "supply": "1282094972.1533690000000000",
            "maxSupply": "2000000000.0000000000000000",
            "marketCapUsd": "1098315739.6942739423312471",
            "volumeUsd24Hr": "5696059.6103245316912232",
            "priceUsd": "0.8566570835618949",
            "changePercent24Hr": "5.1718631872990857",
            "vwap24Hr": "0.8269782110448622",
            "explorer": "https://etherscan.io/token/0x8eb24319393716668d768dcec29356ae9cffe285"
        },
        {
            "id": "ecash",
            "rank": "53",
            "symbol": "XEC",
            "name": "eCash",
            "supply": "19688532798092.0000000000000000",
            "maxSupply": "21000000000000.0000000000000000",
            "marketCapUsd": "1038502320.5858107915031084",
            "volumeUsd24Hr": "9602835.5891600787076314",
            "priceUsd": "0.0000527465571577",
            "changePercent24Hr": "0.6170219889088709",
            "vwap24Hr": "0.0000521128101321",
            "explorer": "https://explorer.bitcoinabc.org/"
        },
        {
            "id": "axie-infinity",
            "rank": "54",
            "symbol": "AXS",
            "name": "Axie Infinity",
            "supply": "143257918.5382208000000000",
            "maxSupply": "270000000.0000000000000000",
            "marketCapUsd": "1008339853.0586381638411092",
            "volumeUsd24Hr": "30742231.6030301387881581",
            "priceUsd": "7.0386325820419902",
            "changePercent24Hr": "3.6700854814054219",
            "vwap24Hr": "6.9038314337585848",
            "explorer": "https://etherscan.io/token/0xf5d669627376ebd411e34b98f19c868c8aba5ada"
        },
        {
            "id": "tezos",
            "rank": "55",
            "symbol": "XTZ",
            "name": "Tezos",
            "supply": "978269673.7001070000000000",
            "maxSupply": null,
            "marketCapUsd": "987952809.2439210014186094",
            "volumeUsd24Hr": "31113594.4553204336907879",
            "priceUsd": "1.0098982272517858",
            "changePercent24Hr": "2.1994381328480928",
            "vwap24Hr": "0.9969120528295860",
            "explorer": "https://tzkt.io/"
        },
        {
            "id": "nervos-network",
            "rank": "56",
            "symbol": "CKB",
            "name": "Nervos Network",
            "supply": "43971871049.8733300000000000",
            "maxSupply": null,
            "marketCapUsd": "987153311.8153748521570874",
            "volumeUsd24Hr": "85259182.3821947545719465",
            "priceUsd": "0.0224496544778760",
            "changePercent24Hr": "-3.4020856341350001",
            "vwap24Hr": "0.0223433821777145",
            "explorer": "https://explorer.nervos.org/"
        },
        {
            "id": "the-sandbox",
            "rank": "57",
            "symbol": "SAND",
            "name": "The Sandbox",
            "supply": "2251731926.2233224000000000",
            "maxSupply": "3000000000.0000000000000000",
            "marketCapUsd": "986471858.2380561784548101",
            "volumeUsd24Hr": "39866312.6331001782135407",
            "priceUsd": "0.4380947157828857",
            "changePercent24Hr": "3.6920847418316841",
            "vwap24Hr": "0.4272268721140932",
            "explorer": "https://etherscan.io/token/0x3845badAde8e6dFF049820680d1F14bD3903a5d0"
        },
        {
            "id": "elrond-egld",
            "rank": "58",
            "symbol": "EGLD",
            "name": "MultiversX",
            "supply": "24184559.1898415400000000",
            "maxSupply": "31415926.0000000000000000",
            "marketCapUsd": "978865780.1555592142002978",
            "volumeUsd24Hr": "15722038.7659229799525766",
            "priceUsd": "40.4748241417904816",
            "changePercent24Hr": "2.9768430341825579",
            "vwap24Hr": "39.4617397116289001",
            "explorer": "https://explorer.elrond.com/"
        },
        {
            "id": "chiliz",
            "rank": "59",
            "symbol": "CHZ",
            "name": "Chiliz",
            "supply": "8888289967.1249620000000000",
            "maxSupply": "8888888888.0000000000000000",
            "marketCapUsd": "963003491.6343356812112748",
            "volumeUsd24Hr": "41814369.3105271606138773",
            "priceUsd": "0.1083451929669473",
            "changePercent24Hr": "7.1354374152107611",
            "vwap24Hr": "0.1032378988314749",
            "explorer": "https://etherscan.io/token/0x3506424f91fd33084466f402d5d97f05f8e3b4af"
        },
        {
            "id": "conflux-network",
            "rank": "60",
            "symbol": "CFX",
            "name": "Conflux",
            "supply": "3940688956.6000000000000000",
            "maxSupply": null,
            "marketCapUsd": "951765776.3783194548817294",
            "volumeUsd24Hr": "44477581.3503527481400620",
            "priceUsd": "0.2415226847032090",
            "changePercent24Hr": "1.5743941971675468",
            "vwap24Hr": "0.2421847724103571",
            "explorer": "http://www.confluxscan.io/"
        },
        {
            "id": "akash-network",
            "rank": "61",
            "symbol": "AKT",
            "name": "Akash Network",
            "supply": "233734842.2242670000000000",
            "maxSupply": "388539008.0000000000000000",
            "marketCapUsd": "914742425.2520349891162696",
            "volumeUsd24Hr": "1877689.1184155043349991",
            "priceUsd": "3.9135903596877774",
            "changePercent24Hr": "8.6500503295193595",
            "vwap24Hr": "3.6116685391408054",
            "explorer": "https://akash.bigdipper.live/"
        },
        {
            "id": "gnosis-gno",
            "rank": "62",
            "symbol": "GNO",
            "name": "Gnosis",
            "supply": "2589588.0000000000000000",
            "maxSupply": "3000000.0000000000000000",
            "marketCapUsd": "865918804.4896512965034420",
            "volumeUsd24Hr": "14734692.9044611316682531",
            "priceUsd": "334.3847764546527465",
            "changePercent24Hr": "0.6630904093944775",
            "vwap24Hr": "331.3757309635477530",
            "explorer": "https://etherscan.io/token/Gnosis"
        },
        {
            "id": "mina",
            "rank": "63",
            "symbol": "MINA",
            "name": "Mina",
            "supply": "1087283494.8400393000000000",
            "maxSupply": null,
            "marketCapUsd": "851013023.3120791083577259",
            "volumeUsd24Hr": "12960975.6324998420860875",
            "priceUsd": "0.7826965343912259",
            "changePercent24Hr": "5.7437098564241159",
            "vwap24Hr": "0.7512082165307221",
            "explorer": "https://minaexplorer.com/"
        },
        {
            "id": "eos",
            "rank": "64",
            "symbol": "EOS",
            "name": "EOS",
            "supply": "1123195715.3435000000000000",
            "maxSupply": null,
            "marketCapUsd": "848078476.1933099691213818",
            "volumeUsd24Hr": "85370252.2413425785925362",
            "priceUsd": "0.7550585037033794",
            "changePercent24Hr": "2.2592184124795482",
            "vwap24Hr": "0.7434255228975802",
            "explorer": "https://bloks.io/"
        },
        {
            "id": "decentraland",
            "rank": "65",
            "symbol": "MANA",
            "name": "Decentraland",
            "supply": "1908319865.3915880000000000",
            "maxSupply": null,
            "marketCapUsd": "831202339.3264644969173319",
            "volumeUsd24Hr": "23446096.7477337101135650",
            "priceUsd": "0.4355676186161283",
            "changePercent24Hr": "3.9874068231588612",
            "vwap24Hr": "0.4234897389921080",
            "explorer": "https://etherscan.io/token/decentraland"
        },
        {
            "id": "kucoin-token",
            "rank": "66",
            "symbol": "KCS",
            "name": "KuCoin Token",
            "supply": "96132689.2885607500000000",
            "maxSupply": "170118638.0000000000000000",
            "marketCapUsd": "796460175.4209283816417155",
            "volumeUsd24Hr": "2179469.3974675585527494",
            "priceUsd": "8.2850087864514019",
            "changePercent24Hr": "-1.9383009499425392",
            "vwap24Hr": "8.3924362200073603",
            "explorer": "https://etherscan.io/token/0xf34960d9d60be18cc1d5afc1a6f012a723a28811"
        },
        {
            "id": "kava",
            "rank": "67",
            "symbol": "KAVA",
            "name": "Kava",
            "supply": "1082860629.0000000000000000",
            "maxSupply": "1082860679.0000000000000000",
            "marketCapUsd": "725531159.9479965378462192",
            "volumeUsd24Hr": "13199822.8545986986271088",
            "priceUsd": "0.6700134260288048",
            "changePercent24Hr": "2.1534635675336530",
            "vwap24Hr": "0.6362661056038329",
            "explorer": "https://www.mintscan.io/kava"
        },
        {
            "id": "iota",
            "rank": "68",
            "symbol": "IOTA",
            "name": "IOTA",
            "supply": "3210367601.0000000000000000",
            "maxSupply": null,
            "marketCapUsd": "721246909.4122267457348300",
            "volumeUsd24Hr": "8950705.6645804952367342",
            "priceUsd": "0.2246617830268300",
            "changePercent24Hr": "3.9096550784677358",
            "vwap24Hr": "0.2205875075119731",
            "explorer": "https://thetangle.org/"
        },
        {
            "id": "nexo",
            "rank": "69",
            "symbol": "NEXO",
            "name": "Nexo",
            "supply": "560000011.0000000000000000",
            "maxSupply": null,
            "marketCapUsd": "705178652.2564463103784886",
            "volumeUsd24Hr": "1566931.6160531511455740",
            "priceUsd": "1.2592475685798626",
            "changePercent24Hr": "2.2067884740129681",
            "vwap24Hr": "1.2589646398864807",
            "explorer": "https://etherscan.io/token/0xb62132e35a6c13ee1ee0f84dc5d40bad8d815206"
        },
        {
            "id": "aioz-network",
            "rank": "70",
            "symbol": "AIOZ",
            "name": "AIOZ Network",
            "supply": "1087014894.4107664000000000",
            "maxSupply": null,
            "marketCapUsd": "701306234.2309881061630015",
            "volumeUsd24Hr": "4553393.0823687677775593",
            "priceUsd": "0.6451670881760477",
            "changePercent24Hr": "-4.7498155561850467",
            "vwap24Hr": "0.6613242574088636",
            "explorer": "https://etherscan.io/token/0x626e8036deb333b408be468f951bdb42433cbf18"
        },
        {
            "id": "synthetix-network-token",
            "rank": "71",
            "symbol": "SNX",
            "name": "Synthetix",
            "supply": "233716733.4900000000000000",
            "maxSupply": "212424133.0000000000000000",
            "marketCapUsd": "683734336.5236366244833755",
            "volumeUsd24Hr": "21417096.1824945777519727",
            "priceUsd": "2.9254830251719715",
            "changePercent24Hr": "2.2260160023815886",
            "vwap24Hr": "2.8980619223095497",
            "explorer": "https://etherscan.io/token/0xc011a72400e58ecd99ee497cf89e3775d4bd732f"
        },
        {
            "id": "pancakeswap",
            "rank": "72",
            "symbol": "CAKE",
            "name": "PancakeSwap",
            "supply": "248318686.1805664600000000",
            "maxSupply": "450000000.0000000000000000",
            "marketCapUsd": "682104093.5767109744865268",
            "volumeUsd24Hr": "20148071.7609763389047223",
            "priceUsd": "2.7468899101725868",
            "changePercent24Hr": "0.2521056602840211",
            "vwap24Hr": "2.7093513502627104",
            "explorer": "https://bscscan.com/token/0x0e09fabb73bd3ade0a17ecc321fd13a19e81ce82"
        },
        {
            "id": "helium",
            "rank": "73",
            "symbol": "HNT",
            "name": "Helium",
            "supply": "160875441.8242133300000000",
            "maxSupply": "223000000.0000000000000000",
            "marketCapUsd": "679069421.6687786615227507",
            "volumeUsd24Hr": "12030270.1194729567567605",
            "priceUsd": "4.2210881534721110",
            "changePercent24Hr": "1.2903843249684011",
            "vwap24Hr": "4.1265489879795077",
            "explorer": "https://explorer.helium.com/"
        },
        {
            "id": "gatetoken",
            "rank": "74",
            "symbol": "GT",
            "name": "GateToken",
            "supply": "96470596.3507395700000000",
            "maxSupply": null,
            "marketCapUsd": "658666852.5098668030407618",
            "volumeUsd24Hr": "7326570.4637254328985781",
            "priceUsd": "6.8276436284807654",
            "changePercent24Hr": "-1.2323211385574694",
            "vwap24Hr": "6.8490970929095021",
            "explorer": null
        },
        {
            "id": "klaytn",
            "rank": "75",
            "symbol": "KLAY",
            "name": "Klaytn",
            "supply": "3623315738.3979090000000000",
            "maxSupply": null,
            "marketCapUsd": "655740676.4591404340346768",
            "volumeUsd24Hr": "6239686.8239739719290609",
            "priceUsd": "0.1809780664461452",
            "changePercent24Hr": "1.6645985278491880",
            "vwap24Hr": "0.1781580188045966",
            "explorer": "https://scope.klaytn.com/blocks"
        },
        {
            "id": "oasis-network",
            "rank": "76",
            "symbol": "ROSE",
            "name": "Oasis Network",
            "supply": "6713599876.0000000000000000",
            "maxSupply": "10000000000.0000000000000000",
            "marketCapUsd": "631336412.0236861678473072",
            "volumeUsd24Hr": "16751327.3128950924368162",
            "priceUsd": "0.0940384329844572",
            "changePercent24Hr": "4.0918864182480294",
            "vwap24Hr": "0.0926993697352355",
            "explorer": "https://www.oasisscan.com/"
        },
        {
            "id": "ribbon-finance",
            "rank": "77",
            "symbol": "RBN",
            "name": "Ribbon Finance",
            "supply": "537093440.4611390000000000",
            "maxSupply": null,
            "marketCapUsd": "607645438.5781394487960064",
            "volumeUsd24Hr": "1291955.8501672280048206",
            "priceUsd": "1.1313588899101537",
            "changePercent24Hr": "-0.0819771069111053",
            "vwap24Hr": "1.1380574153770740",
            "explorer": "https://etherscan.io/token/0x6123B0049F904d730dB3C36a31167D9d4121fA6B"
        },
        {
            "id": "theta-fuel",
            "rank": "78",
            "symbol": "TFUEL",
            "name": "Theta Fuel",
            "supply": "6516114757.0000000000000000",
            "maxSupply": null,
            "marketCapUsd": "565221368.6930614334912436",
            "volumeUsd24Hr": "6233548.7184834394224482",
            "priceUsd": "0.0867420832461348",
            "changePercent24Hr": "0.4679277117668638",
            "vwap24Hr": "0.0859316534877412",
            "explorer": "https://explorer.thetatoken.org/"
        },
        {
            "id": "wemix",
            "rank": "79",
            "symbol": "WEMIX",
            "name": "WEMIX",
            "supply": "356037064.2647170000000000",
            "maxSupply": "980000000.0000000000000000",
            "marketCapUsd": "539698030.8787320179639744",
            "volumeUsd24Hr": "4051898.9181234045275510",
            "priceUsd": "1.5158478850883382",
            "changePercent24Hr": "-0.4209894162270595",
            "vwap24Hr": "1.5179547111694607",
            "explorer": "https://scope.klaytn.com/token/0x5096db80b21ef45230c9e423c373f1fc9c0198dd?tabId=kctTransfer"
        },
        {
            "id": "wootrade",
            "rank": "80",
            "symbol": "WOO",
            "name": "WOO",
            "supply": "1854429922.4487080000000000",
            "maxSupply": null,
            "marketCapUsd": "528318617.2881740882481925",
            "volumeUsd24Hr": "11194213.9741151120065699",
            "priceUsd": "0.2848954338433821",
            "changePercent24Hr": "3.0678718393581394",
            "vwap24Hr": "0.2812922651130854",
            "explorer": "https://etherscan.io/token/0x4691937a7508860f876c9c0a2a617e7d9e945d4b"
        },
        {
            "id": "curve-dao-token",
            "rank": "81",
            "symbol": "CRV",
            "name": "Curve DAO Token",
            "supply": "1186049208.0000000000000000",
            "maxSupply": "3303030299.0000000000000000",
            "marketCapUsd": "513747251.0152687952964672",
            "volumeUsd24Hr": "9766235.6034942564919313",
            "priceUsd": "0.4331584621868984",
            "changePercent24Hr": "2.3303553191646647",
            "vwap24Hr": "0.4267821463150127",
            "explorer": "https://etherscan.io/token/0xD533a949740bb3306d119CC777fa900bA034cd52"
        },
        {
            "id": "iotex",
            "rank": "82",
            "symbol": "IOTX",
            "name": "IoTeX",
            "supply": "9441378955.0000000000000000",
            "maxSupply": "10000000000.0000000000000000",
            "marketCapUsd": "513101164.1364171615881795",
            "volumeUsd24Hr": "12326900.5020436211121401",
            "priceUsd": "0.0543459982468649",
            "changePercent24Hr": "5.3015257214965585",
            "vwap24Hr": "0.0529951295388317",
            "explorer": "https://etherscan.io/token/0x6fb3e0a217407efff7ca062d46c26e5d60a14d69"
        },
        {
            "id": "skale-network",
            "rank": "83",
            "symbol": "SKL",
            "name": "SKALE",
            "supply": "5339102671.0000000000000000",
            "maxSupply": "7000000000.0000000000000000",
            "marketCapUsd": "512593991.6887326851832847",
            "volumeUsd24Hr": "27479236.0775420721696925",
            "priceUsd": "0.0960075172318657",
            "changePercent24Hr": "6.2768473082051005",
            "vwap24Hr": "0.0935273338017995",
            "explorer": "https://etherscan.io/token/0x00c83aecc790e8a4453e5dd3b0b4b3680501a7a7"
        },
        {
            "id": "trueusd",
            "rank": "84",
            "symbol": "TUSD",
            "name": "TrueUSD",
            "supply": "509701467.0100000000000000",
            "maxSupply": null,
            "marketCapUsd": "509858481.5737432949688834",
            "volumeUsd24Hr": "10248799.4900035027668304",
            "priceUsd": "1.0003080520145731",
            "changePercent24Hr": "-0.0613116973266099",
            "vwap24Hr": "1.0019794864921037",
            "explorer": "https://etherscan.io/token/0x8dd5fbce2f6a956c3022ba3663759011dd51e73e"
        },
        {
            "id": "ocean-protocol",
            "rank": "85",
            "symbol": "OCEAN",
            "name": "Ocean Protocol",
            "supply": "568381102.7486407000000000",
            "maxSupply": "1410000000.0000000000000000",
            "marketCapUsd": "500327419.8888891596137179",
            "volumeUsd24Hr": "29667092.2692882825684925",
            "priceUsd": "0.8802675132395325",
            "changePercent24Hr": "6.5662079781720932",
            "vwap24Hr": "0.8475867086295714",
            "explorer": "https://etherscan.io/token/0x7AFeBBB46fDb47ed17b22ed075Cde2447694fB9e"
        },
        {
            "id": "superfarm",
            "rank": "86",
            "symbol": "SUPER",
            "name": "SuperVerse",
            "supply": "487776093.4169172600000000",
            "maxSupply": "1000000000.0000000000000000",
            "marketCapUsd": "486339042.3795720989241403",
            "volumeUsd24Hr": "9946417.6038688173432192",
            "priceUsd": "0.9970538715268342",
            "changePercent24Hr": "4.8992852165126129",
            "vwap24Hr": "0.9360825598646445",
            "explorer": "https://etherscan.io/token/0xe53ec727dbdeb9e2d5456c3be40cff031ab40a55"
        },
        {
            "id": "1inch",
            "rank": "87",
            "symbol": "1INCH",
            "name": "1inch Network",
            "supply": "1157136144.0725040000000000",
            "maxSupply": null,
            "marketCapUsd": "467040219.4698978645103676",
            "volumeUsd24Hr": "11109074.8258909557045488",
            "priceUsd": "0.4036173460334275",
            "changePercent24Hr": "2.5257929886435017",
            "vwap24Hr": "0.3981033891883925",
            "explorer": "https://etherscan.io/token/0x111111111117dc0aa78b770fa6a738034120c302"
        },
        {
            "id": "xinfin-network",
            "rank": "88",
            "symbol": "XDC",
            "name": "XinFin Network",
            "supply": "12293293518.5500000000000000",
            "maxSupply": null,
            "marketCapUsd": "463831975.1993560818853983",
            "volumeUsd24Hr": "1078787.4731123274829609",
            "priceUsd": "0.0377304889450053",
            "changePercent24Hr": "5.3351121158981983",
            "vwap24Hr": "0.0382826777753510",
            "explorer": "https://etherscan.io/token/0x41ab1b6fcbb2fa9dced81acbdec13ea6315f2bf2"
        },
        {
            "id": "dexe",
            "rank": "89",
            "symbol": "DEXE",
            "name": "DeXe",
            "supply": "36500047.2325947400000000",
            "maxSupply": "98942301.0000000000000000",
            "marketCapUsd": "453850413.9403833042176094",
            "volumeUsd24Hr": "1313721.5760315172310280",
            "priceUsd": "12.4342418257226918",
            "changePercent24Hr": "4.8542538867179138",
            "vwap24Hr": "11.8814872928825456",
            "explorer": "https://etherscan.io/token/0xde4EE8057785A7e8e800Db58F9784845A5C2Cbd6"
        },
        {
            "id": "enjin-coin",
            "rank": "90",
            "symbol": "ENJ",
            "name": "Enjin Coin",
            "supply": "1379841765.7600000000000000",
            "maxSupply": null,
            "marketCapUsd": "446843914.1762843722453683",
            "volumeUsd24Hr": "6900745.0482501380158033",
            "priceUsd": "0.3238370697745681",
            "changePercent24Hr": "3.7347761069035551",
            "vwap24Hr": "0.3169631858456280",
            "explorer": "https://etherscan.io/token/0xf629cbd94d3791c9250152bd8dfbdf380e2a3b9c"
        },
        {
            "id": "compound",
            "rank": "91",
            "symbol": "COMP",
            "name": "Compound",
            "supply": "8110604.2468319100000000",
            "maxSupply": "10000000.0000000000000000",
            "marketCapUsd": "433717374.6925543614006707",
            "volumeUsd24Hr": "11898702.7936502756175696",
            "priceUsd": "53.4753467797382757",
            "changePercent24Hr": "2.2629981039916982",
            "vwap24Hr": "52.5841473916613917",
            "explorer": "https://etherscan.io/token/0xc00e94cb662c3520282e6f5717214004a7f26888"
        },
        {
            "id": "ankr",
            "rank": "92",
            "symbol": "ANKR",
            "name": "Ankr",
            "supply": "10000000000.0000000000000000",
            "maxSupply": null,
            "marketCapUsd": "428919816.7557690000000000",
            "volumeUsd24Hr": "14205722.7120699739779828",
            "priceUsd": "0.0428919816755769",
            "changePercent24Hr": "1.9585947486354455",
            "vwap24Hr": "0.0421616588127650",
            "explorer": "https://etherscan.io/token/0x8290333ceF9e6D528dD5618Fb97a76f268f3EDD4"
        },
        {
            "id": "zilliqa",
            "rank": "93",
            "symbol": "ZIL",
            "name": "Zilliqa",
            "supply": "17372203179.0000000000000000",
            "maxSupply": "21000000000.0000000000000000",
            "marketCapUsd": "427119342.5719845954506877",
            "volumeUsd24Hr": "15487418.0840673211743445",
            "priceUsd": "0.0245863658265463",
            "changePercent24Hr": "3.1327594645958890",
            "vwap24Hr": "0.0240379593577403",
            "explorer": "https://etherscan.io/token/0x05f4a42e251f2d52b8ed15e9fedaacfcef1fad27"
        },
        {
            "id": "ftx-token",
            "rank": "94",
            "symbol": "FTT",
            "name": "FTX Token",
            "supply": "328895103.8132070000000000",
            "maxSupply": "352170015.0000000000000000",
            "marketCapUsd": "425888167.4498664949079181",
            "volumeUsd24Hr": "6234966.9679302202120417",
            "priceUsd": "1.2949057693839852",
            "changePercent24Hr": "6.6268072122500782",
            "vwap24Hr": "1.2511831560944204",
            "explorer": "https://etherscan.io/token/0x50d1c9771902476076ecfc8b2a83ad6b9355a4c9"
        },
        {
            "id": "qtum",
            "rank": "95",
            "symbol": "QTUM",
            "name": "Qtum",
            "supply": "104755842.0000000000000000",
            "maxSupply": "107822406.0000000000000000",
            "marketCapUsd": "423234327.1855961801938266",
            "volumeUsd24Hr": "20436698.3042825033239272",
            "priceUsd": "4.0401978458212973",
            "changePercent24Hr": "-0.3641862763368200",
            "vwap24Hr": "4.0216317731543097",
            "explorer": "https://qtum.info/"
        },
        {
            "id": "trust-wallet-token",
            "rank": "96",
            "symbol": "TWT",
            "name": "Trust Wallet Token",
            "supply": "416649900.0000000000000000",
            "maxSupply": "1000000000.0000000000000000",
            "marketCapUsd": "422678914.6181671776852000",
            "volumeUsd24Hr": "4488498.6286544518874288",
            "priceUsd": "1.0144702173651480",
            "changePercent24Hr": "3.0841087605105281",
            "vwap24Hr": "0.9878601803298988",
            "explorer": "https://explorer.binance.org/asset/TWT-8C2"
        },
        {
            "id": "0x",
            "rank": "97",
            "symbol": "ZRX",
            "name": "0x Protocol",
            "supply": "847496054.8027713000000000",
            "maxSupply": "1000000000.0000000000000000",
            "marketCapUsd": "420472918.9676799342163186",
            "volumeUsd24Hr": "10127926.5647243378713290",
            "priceUsd": "0.4961355472805500",
            "changePercent24Hr": "5.0359194838642949",
            "vwap24Hr": "0.4796137268314484",
            "explorer": "https://etherscan.io/token/ZRX"
        },
        {
            "id": "celo",
            "rank": "98",
            "symbol": "CELO",
            "name": "Celo",
            "supply": "533817831.0000000000000000",
            "maxSupply": "1000000000.0000000000000000",
            "marketCapUsd": "419915543.8761640649698530",
            "volumeUsd24Hr": "9464776.3621561332458747",
            "priceUsd": "0.7866270467015630",
            "changePercent24Hr": "4.5978610351590468",
            "vwap24Hr": "0.7643399899626370",
            "explorer": "https://explorer.celo.org/blocks"
        },
        {
            "id": "rocket-pool",
            "rank": "99",
            "symbol": "RPL",
            "name": "Rocket Pool",
            "supply": "20292984.9475469900000000",
            "maxSupply": null,
            "marketCapUsd": "419010337.5543074475059992",
            "volumeUsd24Hr": "633130.2950203627426212",
            "priceUsd": "20.6480386516502735",
            "changePercent24Hr": "0.1314399884326692",
            "vwap24Hr": "20.2521283689214603",
            "explorer": "https://etherscan.io/token/0xb4efd85c19999d84251304bda99e90b92300bd93"
        },
        {
            "id": "nxm",
            "rank": "100",
            "symbol": "NXM",
            "name": "NXM",
            "supply": "6594067.8412913900000000",
            "maxSupply": null,
            "marketCapUsd": "418870778.2329489584031885",
            "volumeUsd24Hr": "668395.4888128807463212",
            "priceUsd": "63.5223640876155761",
            "changePercent24Hr": "0.4091210562800606",
            "vwap24Hr": "62.6856843930772357",
            "explorer": "https://etherscan.io/token/0xd7c49cee7e9188cca6ad8ff264c1da2e69d4cf3b"
        }
    ],
    "timestamp": 1713302799136
}